Datetime,"WTI_('Open', 'CL=F')","WTI_('High', 'CL=F')","WTI_('Low', 'CL=F')","WTI_('Close', 'CL=F')","WTI_('Volume', 'CL=F')","USD_INDEX_('Open', 'DX-Y.NYB')","USD_INDEX_('High', 'DX-Y.NYB')","USD_INDEX_('Low', 'DX-Y.NYB')","USD_INDEX_('Close', 'DX-Y.NYB')","USD_INDEX_('Volume', 'DX-Y.NYB')","BRENT_('Open', 'BZ=F')","BRENT_('High', 'BZ=F')","BRENT_('Low', 'BZ=F')","BRENT_('Close', 'BZ=F')","BRENT_('Volume', 'BZ=F')"
2026-04-23 04:00:00+00:00,94.56999969482422,94.66999816894531,94.02999877929688,94.05999755859375,0.0,98.70800018310547,98.71099853515625,98.66999816894531,98.6709976196289,0,103.41999816894531,103.44999694824219,103.0,103.0,0.0
2026-04-23 05:00:00+00:00,94.06999969482422,94.44999694824219,93.83000183105469,93.86000061035156,2579.0,98.6709976196289,98.677001953125,98.62699890136719,98.62899780273438,0,102.98999786376953,103.41000366210938,102.83000183105469,102.94000244140625,421.0
2026-04-23 06:00:00+00:00,93.87000274658203,94.66000366210938,93.6500015258789,94.41000366210938,4153.0,98.62899780273438,98.66300201416016,98.61599731445312,98.65399932861328,0,102.80999755859375,103.62999725341797,102.56999969482422,103.43000030517578,637.0
2026-04-23 07:00:00+00:00,94.38999938964844,94.73999786376953,93.23999786376953,93.69000244140625,6753.0,98.65299987792969,98.7040023803711,98.59400177001953,98.64900207519531,0,103.37999725341797,103.68000030517578,96.62999725341797,97.0,1997.0
2026-04-23 08:00:00+00:00,93.68000030517578,95.05000305175781,93.66000366210938,94.9000015258789,7462.0,98.6500015258789,98.677001953125,98.63099670410156,98.64600372314453,0,97.23999786376953,98.2699966430664,97.0999984741211,98.19999694824219,1092.0
2026-04-23 09:00:00+00:00,94.88999938964844,95.63999938964844,94.2699966430664,94.93000030517578,9526.0,98.64600372314453,98.7229995727539,98.64199829101562,98.7040023803711,0,98.20999908447266,98.91000366210938,97.69999694824219,98.29000091552734,1216.0
2026-04-23 10:00:00+00:00,94.95999908447266,95.05999755859375,93.73999786376953,93.94000244140625,5069.0,98.70500183105469,98.8010025024414,98.68900299072266,98.78800201416016,0,98.2699966430664,98.33999633789062,97.08000183105469,97.33000183105469,478.0
2026-04-23 11:00:00+00:00,93.91999816894531,94.22000122070312,93.02999877929688,93.25,12905.0,98.78800201416016,98.8030014038086,98.64199829101562,98.68900299072266,0,97.30999755859375,97.51000213623047,96.7300033569336,96.86000061035156,922.0
2026-04-23 12:00:00+00:00,93.26000213623047,94.0,92.30000305175781,93.2300033569336,25069.0,98.69000244140625,98.7490005493164,98.64399719238281,98.71499633789062,0,96.87999725341797,102.94999694824219,95.94999694824219,102.22000122070312,4727.0
2026-04-23 13:00:00+00:00,93.22000122070312,94.44999694824219,92.9800033569336,93.98999786376953,22737.0,98.71499633789062,98.77899932861328,98.677001953125,98.72000122070312,0,102.16000366210938,103.22000122070312,102.02999877929688,102.93000030517578,2789.0
2026-04-23 14:00:00+00:00,93.98999786376953,94.62999725341797,93.02999877929688,93.08000183105469,26004.0,98.72000122070312,98.74800109863281,98.53399658203125,98.572998046875,0,103.0,103.5999984741211,102.3499984741211,102.38999938964844,4074.0
2026-04-23 15:00:00+00:00,93.08999633789062,94.6500015258789,92.95999908447266,94.44999694824219,22001.0,98.572998046875,98.66200256347656,98.54100036621094,98.63400268554688,0,102.3499984741211,103.9000015258789,102.31999969482422,103.5999984741211,2400.0
2026-04-23 16:00:00+00:00,94.44999694824219,94.69999694824219,93.93000030517578,94.45999908447266,15881.0,98.63500213623047,98.68099975585938,98.63400268554688,98.65899658203125,0,103.68000030517578,103.8499984741211,103.0199966430664,103.58999633789062,2058.0
2026-04-23 17:00:00+00:00,94.44000244140625,98.38999938964844,94.43000030517578,96.19000244140625,76778.0,98.65799713134766,98.93900299072266,98.65299987792969,98.73999786376953,0,103.66000366210938,107.36000061035156,103.66000366210938,105.02999877929688,12384.0
2026-04-23 18:00:00+00:00,96.22000122070312,96.8499984741211,95.19999694824219,96.70999908447266,41159.0,98.73999786376953,98.7750015258789,98.68900299072266,98.7699966430664,0,105.0199966430664,105.9000015258789,104.13999938964844,105.69000244140625,6262.0
2026-04-23 19:00:00+00:00,96.69000244140625,96.87999725341797,95.95999908447266,96.4000015258789,9334.0,98.77100372314453,98.84200286865234,98.76399993896484,98.79499816894531,0,105.69000244140625,105.91999816894531,105.1500015258789,105.73999786376953,848.0
2026-04-23 20:00:00+00:00,96.41000366210938,97.41000366210938,96.4000015258789,97.0,6371.0,98.7959976196289,98.84400177001953,98.7959976196289,98.82599639892578,0,105.87999725341797,106.83000183105469,105.80999755859375,106.47000122070312,783.0
2026-04-23 22:00:00+00:00,96.62000274658203,97.3499984741211,95.87999725341797,97.08000183105469,0.0,98.7959976196289,98.80599975585938,98.79399871826172,98.79900360107422,0,106.27999877929688,106.6500015258789,105.58999633789062,106.4000015258789,0.0
2026-04-23 23:00:00+00:00,97.08000183105469,97.12999725341797,96.68000030517578,96.80999755859375,1220.0,98.82099914550781,98.83000183105469,98.81800079345703,98.82599639892578,0,106.44000244140625,106.47000122070312,106.0,106.08000183105469,192.0
2026-04-24 00:00:00+00:00,96.79000091552734,97.54000091552734,96.68000030517578,97.16999816894531,6146.0,98.82499694824219,98.83699798583984,98.78399658203125,98.81300354003906,0,106.1500015258789,106.97000122070312,105.98999786376953,106.62999725341797,1199.0
2026-04-24 01:00:00+00:00,97.18000030517578,97.5999984741211,96.68000030517578,97.01000213623047,4582.0,98.81300354003906,98.83399963378906,98.78800201416016,98.78800201416016,0,106.5999984741211,107.01000213623047,106.05999755859375,106.33000183105469,451.0
2026-04-24 02:00:00+00:00,97.0,97.08000183105469,96.38999938964844,96.4800033569336,3797.0,98.78700256347656,98.87000274658203,98.78500366210938,98.86399841308594,0,106.3499984741211,106.4000015258789,105.79000091552734,105.87000274658203,465.0
2026-04-24 03:00:00+00:00,96.4800033569336,96.69000244140625,96.08000183105469,96.62000274658203,2728.0,98.86399841308594,98.91500091552734,98.85600280761719,98.87200164794922,0,105.83000183105469,106.04000091552734,105.33000183105469,105.97000122070312,594.0
2026-04-24 04:00:00+00:00,96.62000274658203,96.72000122070312,95.94999694824219,96.01000213623047,2034.0,98.8759994506836,98.88800048828125,98.84300231933594,98.86299896240234,0,106.02999877929688,106.18000030517578,105.5,105.5,316.0
2026-04-24 05:00:00+00:00,96.01000213623047,96.16999816894531,95.66000366210938,95.94000244140625,3040.0,98.86299896240234,98.88300323486328,98.8290023803711,98.83599853515625,0,105.48999786376953,105.69000244140625,105.11000061035156,105.43000030517578,453.0
2026-04-24 06:00:00+00:00,95.97000122070312,96.55999755859375,95.55000305175781,96.5,4667.0,98.83699798583984,98.87100219726562,98.81400299072266,98.85900115966797,0,105.47000122070312,106.20999908447266,105.01000213623047,106.16999816894531,892.0
2026-04-24 07:00:00+00:00,96.5199966430664,96.77999877929688,96.01000213623047,96.69999694824219,6323.0,98.85700225830078,98.87899780273438,98.75199890136719,98.77400207519531,0,106.12999725341797,106.30000305175781,99.87999725341797,100.37999725341797,4153.0
2026-04-24 08:00:00+00:00,96.70999908447266,97.8499984741211,96.70999908447266,96.9800033569336,10837.0,98.77400207519531,98.81900024414062,98.73300170898438,98.7750015258789,0,100.38999938964844,101.31999969482422,100.38999938964844,100.54000091552734,2681.0
2026-04-24 09:00:00+00:00,96.97000122070312,97.79000091552734,96.66000366210938,97.73999786376953,7338.0,98.77400207519531,98.80999755859375,98.76599884033203,98.79499816894531,0,100.48999786376953,101.20999908447266,100.23999786376953,101.08000183105469,1497.0
2026-04-24 10:00:00+00:00,97.7300033569336,97.7300033569336,96.83999633789062,96.91999816894531,5863.0,98.7969970703125,98.80799865722656,98.67900085449219,98.68000030517578,0,101.08000183105469,101.11000061035156,100.2300033569336,100.27999877929688,1967.0
2026-04-24 11:00:00+00:00,96.94999694824219,96.95999908447266,93.62999725341797,94.4800033569336,42502.0,98.68000030517578,98.68599700927734,98.55799865722656,98.59100341796875,0,100.2699966430664,100.2699966430664,97.55000305175781,98.33999633789062,6170.0
2026-04-24 12:00:00+00:00,94.48999786376953,96.48999786376953,94.1500015258789,95.91999816894531,24015.0,98.59300231933594,98.69000244140625,98.56500244140625,98.63700103759766,0,98.27999877929688,100.04000091552734,98.20999908447266,99.54000091552734,4674.0
2026-04-24 13:00:00+00:00,95.91999816894531,95.91999816894531,94.63999938964844,95.19999694824219,23944.0,98.63700103759766,98.7239990234375,98.61000061035156,98.66400146484375,0,99.44999694824219,99.5199966430664,98.43000030517578,99.25,3500.0
2026-04-24 14:00:00+00:00,95.2300033569336,95.58999633789062,94.66000366210938,95.12000274658203,23654.0,98.66400146484375,98.70500183105469,98.56900024414062,98.64700317382812,0,99.29000091552734,99.58000183105469,98.62999725341797,99.08000183105469,4201.0
2026-04-24 15:00:00+00:00,95.12000274658203,95.80999755859375,92.68000030517578,93.52999877929688,48333.0,98.64700317382812,98.677001953125,98.52799987792969,98.54499816894531,0,99.13999938964844,100.01000213623047,97.6500015258789,98.5,9195.0
2026-04-24 16:00:00+00:00,93.52999877929688,94.43000030517578,93.12999725341797,93.7699966430664,22857.0,98.54499816894531,98.58200073242188,98.5260009765625,98.5270004272461,0,98.5199966430664,99.16000366210938,98.20999908447266,98.68000030517578,3205.0
2026-04-24 17:00:00+00:00,93.76000213623047,94.11000061035156,92.75,93.61000061035156,22182.0,98.52799987792969,98.5770034790039,98.51699829101562,98.56600189208984,0,98.68000030517578,98.93000030517578,97.62999725341797,98.44999694824219,2853.0
2026-04-24 18:00:00+00:00,93.62000274658203,94.63999938964844,93.5999984741211,94.2300033569336,22586.0,98.56500244140625,98.58699798583984,98.51799774169922,98.53299713134766,0,98.5,99.31999969482422,98.47000122070312,98.98999786376953,2406.0
2026-04-24 19:00:00+00:00,94.22000122070312,95.20999908447266,94.08999633789062,94.7699966430664,9346.0,98.52999877929688,98.54299926757812,98.50499725341797,98.52200317382812,0,99.06999969482422,100.02999877929688,98.98999786376953,99.72000122070312,909.0
2026-04-24 20:00:00+00:00,94.79000091552734,95.55999755859375,94.4000015258789,94.4000015258789,7018.0,98.52200317382812,98.53500366210938,98.48899841308594,98.51000213623047,0,99.79000091552734,100.55999755859375,99.12999725341797,99.12999725341797,2442.0
2026-04-26 22:00:00+00:00,96.3499984741211,96.68000030517578,95.95999908447266,96.01000213623047,3651.0,99.33200073242188,99.34300231933594,98.59200286865234,98.625,0,101.30000305175781,101.54000091552734,101.0,101.0,678.0
2026-04-26 23:00:00+00:00,96.05000305175781,96.29000091552734,95.94999694824219,96.12999725341797,1472.0,98.625,98.64399719238281,98.61000061035156,98.64199829101562,0,101.0,101.41000366210938,101.0,101.25,194.0
2026-04-27 00:00:00+00:00,96.13999938964844,96.52999877929688,95.7699966430664,96.06999969482422,3820.0,98.64099884033203,98.64099884033203,98.55500030517578,98.55899810791016,0,101.2300033569336,101.58000183105469,101.0199966430664,101.18000030517578,770.0
2026-04-27 01:00:00+00:00,96.04000091552734,96.12000274658203,95.44999694824219,95.87000274658203,5535.0,98.55799865722656,98.55899810791016,98.45899963378906,98.48100280761719,0,101.1500015258789,101.1500015258789,100.5,100.93000030517578,1593.0
2026-04-27 02:00:00+00:00,95.86000061035156,95.86000061035156,95.2300033569336,95.2300033569336,2969.0,98.4800033569336,98.51200103759766,98.447998046875,98.46199798583984,0,100.86000061035156,100.86000061035156,100.23999786376953,100.23999786376953,1030.0
2026-04-27 03:00:00+00:00,95.23999786376953,95.3499984741211,94.98999786376953,95.31999969482422,1953.0,98.46199798583984,98.46399688720703,98.41000366210938,98.43099975585938,0,100.1500015258789,100.36000061035156,99.98999786376953,100.36000061035156,376.0
2026-04-27 04:00:00+00:00,95.30000305175781,95.66999816894531,95.19999694824219,95.5999984741211,1233.0,98.43399810791016,98.46600341796875,98.41400146484375,98.45600128173828,0,100.33000183105469,100.70999908447266,100.29000091552734,100.66999816894531,325.0
2026-04-27 05:00:00+00:00,95.58000183105469,96.2699966430664,95.55000305175781,96.06999969482422,2989.0,98.45600128173828,98.5009994506836,98.4469985961914,98.5,0,100.68000030517578,101.25,100.68000030517578,101.12000274658203,606.0
2026-04-27 06:00:00+00:00,96.05999755859375,96.41000366210938,96.0199966430664,96.08000183105469,2623.0,98.5009994506836,98.54499816894531,98.44300079345703,98.44300079345703,0,101.0999984741211,101.44000244140625,101.02999877929688,101.08000183105469,902.0
2026-04-27 07:00:00+00:00,96.08000183105469,96.88999938964844,96.06999969482422,96.83000183105469,3886.0,98.44300079345703,98.44499969482422,98.33999633789062,98.34600067138672,0,101.05000305175781,101.87000274658203,101.0199966430664,101.83000183105469,856.0
2026-04-27 08:00:00+00:00,96.83999633789062,97.0999984741211,96.38999938964844,96.4800033569336,5292.0,98.3479995727539,98.37100219726562,98.26200103759766,98.28600311279297,0,101.9000015258789,102.16999816894531,101.47000122070312,101.55999755859375,2078.0
2026-04-27 09:00:00+00:00,96.4800033569336,96.69000244140625,96.1500015258789,96.48999786376953,3872.0,98.28500366210938,98.33499908447266,98.26499938964844,98.322998046875,0,101.5199966430664,101.81999969482422,101.33999633789062,101.55000305175781,888.0
2026-04-27 10:00:00+00:00,96.5,96.51000213623047,95.05999755859375,95.41000366210938,6506.0,98.3219985961914,98.34700012207031,98.2770004272461,98.28500366210938,0,101.51000213623047,101.54000091552734,100.22000122070312,100.48999786376953,1506.0
2026-04-27 11:00:00+00:00,95.41999816894531,95.45999908447266,94.58999633789062,95.11000061035156,7267.0,98.28600311279297,98.34200286865234,98.27899932861328,98.31900024414062,0,100.54000091552734,100.54000091552734,99.58999633789062,100.19999694824219,1304.0
2026-04-27 12:00:00+00:00,95.0999984741211,96.54000091552734,94.8499984741211,96.31999969482422,15304.0,98.31800079345703,98.32099914550781,98.21399688720703,98.30799865722656,0,100.1500015258789,101.30000305175781,99.97000122070312,101.1500015258789,2416.0
2026-04-27 13:00:00+00:00,96.31999969482422,96.52999877929688,95.62000274658203,95.70999908447266,17579.0,98.30699920654297,98.37300109863281,98.24199676513672,98.34400177001953,0,101.08999633789062,101.4800033569336,100.66999816894531,101.0999984741211,2520.0
2026-04-27 14:00:00+00:00,95.69999694824219,96.79000091552734,95.30000305175781,96.75,25707.0,98.34400177001953,98.37699890136719,98.26499938964844,98.35299682617188,0,101.11000061035156,101.80000305175781,100.87000274658203,101.76000213623047,4406.0
2026-04-27 15:00:00+00:00,96.75,97.5,96.0999984741211,96.16999816894531,25895.0,98.35399627685547,98.41000366210938,98.35399627685547,98.3949966430664,0,101.75,102.38999938964844,101.33000183105469,101.37999725341797,5787.0
2026-04-27 16:00:00+00:00,96.1500015258789,96.5999984741211,96.05999755859375,96.56999969482422,10075.0,98.39600372314453,98.4489974975586,98.37699890136719,98.44499969482422,0,101.31999969482422,101.79000091552734,101.23999786376953,101.69999694824219,1780.0
2026-04-27 17:00:00+00:00,96.56999969482422,97.66999816894531,96.16000366210938,96.54000091552734,17219.0,98.44499969482422,98.49600219726562,98.41500091552734,98.46399688720703,0,101.69999694824219,102.61000061035156,101.33999633789062,101.91000366210938,3385.0
2026-04-27 18:00:00+00:00,96.56999969482422,97.2300033569336,96.20999908447266,96.55000305175781,16415.0,98.46299743652344,98.50299835205078,98.4540023803711,98.49600219726562,0,101.91999816894531,102.58000183105469,101.4800033569336,101.66000366210938,3817.0
2026-04-27 19:00:00+00:00,96.55000305175781,96.62999725341797,95.9000015258789,96.41000366210938,8833.0,98.49500274658203,98.4990005493164,98.45600128173828,98.49600219726562,0,101.66000366210938,101.91999816894531,101.22000122070312,101.5999984741211,770.0
2026-04-27 20:00:00+00:00,96.4000015258789,96.80000305175781,96.26000213623047,96.68000030517578,3055.0,98.49600219726562,98.49700164794922,98.4739990234375,98.48400115966797,0,101.5999984741211,101.91999816894531,101.48999786376953,101.91000366210938,365.0
2026-04-27 22:00:00+00:00,96.66999816894531,96.77999877929688,96.30000305175781,96.62999725341797,0.0,98.47699737548828,98.49600219726562,98.47599792480469,98.49600219726562,0,101.81999969482422,101.87999725341797,101.5999984741211,101.86000061035156,0.0
2026-04-27 23:00:00+00:00,96.62999725341797,96.80000305175781,96.58999633789062,96.6500015258789,862.0,98.46700286865234,98.4749984741211,98.46299743652344,98.46299743652344,0,101.98999786376953,102.0,101.81999969482422,101.86000061035156,114.0
2026-04-28 00:00:00+00:00,96.6500015258789,97.19999694824219,96.23999786376953,97.02999877929688,4005.0,98.46199798583984,98.51200103759766,98.4260025024414,98.50299835205078,0,101.8499984741211,102.43000030517578,101.66999816894531,102.33999633789062,517.0
2026-04-28 01:00:00+00:00,97.02999877929688,97.41000366210938,96.8499984741211,97.33000183105469,3025.0,98.50199890136719,98.56400299072266,98.50199890136719,98.56300354003906,0,102.31999969482422,102.56999969482422,102.05000305175781,102.52999877929688,715.0
2026-04-28 02:00:00+00:00,97.33000183105469,97.55000305175781,97.2300033569336,97.38999938964844,2237.0,98.56199645996094,98.59400177001953,98.55599975585938,98.59100341796875,0,102.55999755859375,102.7300033569336,102.43000030517578,102.52999877929688,339.0
2026-04-28 03:00:00+00:00,97.37999725341797,97.5999984741211,97.18000030517578,97.56999969482422,1664.0,98.59100341796875,98.59300231933594,98.48200225830078,98.50599670410156,0,102.4800033569336,102.7300033569336,102.37999725341797,102.7300033569336,273.0
2026-04-28 04:00:00+00:00,97.58999633789062,97.80999755859375,97.31999969482422,97.45999908447266,1682.0,98.50900268554688,98.52400207519531,98.48500061035156,98.52200317382812,0,102.76000213623047,102.88999938964844,102.55000305175781,102.69999694824219,401.0
2026-04-28 05:00:00+00:00,97.45999908447266,98.8499984741211,97.4000015258789,98.19999694824219,6576.0,98.52200317382812,98.58599853515625,98.51499938964844,98.58300018310547,0,102.69999694824219,104.11000061035156,102.6500015258789,103.5199966430664,1421.0
2026-04-28 06:00:00+00:00,98.22000122070312,98.44999694824219,97.72000122070312,98.37000274658203,4002.0,98.58200073242188,98.71900177001953,98.56099700927734,98.71700286865234,0,103.47000122070312,103.76000213623047,103.02999877929688,103.66999816894531,1356.0
2026-04-28 07:00:00+00:00,98.37000274658203,99.22000122070312,98.29000091552734,98.88999938964844,7757.0,98.71800231933594,98.72599792480469,98.6240005493164,98.6760025024414,0,103.66000366210938,104.81999969482422,103.62000274658203,104.58999633789062,2366.0
2026-04-28 08:00:00+00:00,98.9000015258789,99.2699966430664,98.22000122070312,98.94999694824219,8421.0,98.67500305175781,98.70500183105469,98.61100006103516,98.64900207519531,0,104.52999877929688,104.66999816894531,103.47000122070312,104.12999725341797,3247.0
2026-04-28 09:00:00+00:00,98.97000122070312,99.88999938964844,98.95999908447266,99.80999755859375,7077.0,98.64900207519531,98.76899719238281,98.64800262451172,98.72899627685547,0,104.12999725341797,104.66000366210938,104.12999725341797,104.56999969482422,1474.0
2026-04-28 10:00:00+00:00,99.80999755859375,100.11000061035156,99.44999694824219,99.73999786376953,6912.0,98.72899627685547,98.75700378417969,98.71299743652344,98.74299621582031,0,104.55999755859375,104.7699966430664,104.11000061035156,104.33999633789062,1697.0
2026-04-28 11:00:00+00:00,99.7300033569336,101.8499984741211,99.54000091552734,101.26000213623047,19996.0,98.74400329589844,98.85199737548828,98.70800018310547,98.83899688720703,0,104.33999633789062,105.80999755859375,104.26000213623047,105.5199966430664,3416.0
2026-04-28 12:00:00+00:00,101.27999877929688,101.30000305175781,98.0999984741211,99.4000015258789,36717.0,98.83999633789062,98.8740005493164,98.69599914550781,98.71099853515625,0,105.44000244140625,105.55999755859375,103.0,104.04000091552734,6773.0
2026-04-28 13:00:00+00:00,99.41000366210938,100.43000030517578,98.75,99.4000015258789,33382.0,98.70999908447266,98.78299713134766,98.66799926757812,98.70600128173828,0,104.06999969482422,104.93000030517578,103.3499984741211,104.04000091552734,6726.0
2026-04-28 14:00:00+00:00,99.41999816894531,100.47000122070312,99.22000122070312,99.36000061035156,29250.0,98.70500183105469,98.77400207519531,98.677001953125,98.73300170898438,0,104.12000274658203,104.87999725341797,103.63999938964844,103.66999816894531,4737.0
2026-04-28 15:00:00+00:00,99.37999725341797,100.01000213623047,99.01000213623047,99.79000091552734,21334.0,98.73100280761719,98.73100280761719,98.60900115966797,98.61599731445312,0,103.66000366210938,104.48999786376953,103.44000244140625,104.13999938964844,4195.0
2026-04-28 16:00:00+00:00,99.80000305175781,100.19999694824219,99.05999755859375,99.20999908447266,14494.0,98.61499786376953,98.68199920654297,98.59600067138672,98.64199829101562,0,104.13999938964844,104.51000213623047,103.44000244140625,103.55000305175781,2892.0
2026-04-28 17:00:00+00:00,99.22000122070312,100.45999908447266,99.12999725341797,100.23999786376953,14448.0,98.64099884033203,98.677001953125,98.58899688720703,98.61900329589844,0,103.48999786376953,104.3499984741211,103.44000244140625,104.23999786376953,2264.0
2026-04-28 18:00:00+00:00,100.22000122070312,100.33000183105469,99.3499984741211,100.0,23214.0,98.61799621582031,98.64399719238281,98.60399627685547,98.63999938964844,0,104.2300033569336,104.69000244140625,103.94999694824219,104.37999725341797,3312.0
2026-04-28 19:00:00+00:00,99.98999786376953,100.05999755859375,99.77999877929688,99.91000366210938,4890.0,98.64099884033203,98.67500305175781,98.61100006103516,98.65499877929688,0,104.36000061035156,104.41999816894531,104.23999786376953,104.37000274658203,342.0
2026-04-28 20:00:00+00:00,99.9000015258789,99.94000244140625,99.51000213623047,99.62000274658203,4084.0,98.65499877929688,98.65599822998047,98.61399841308594,98.63300323486328,0,104.37000274658203,104.38999938964844,103.93000030517578,104.30000305175781,0.0
2026-04-28 22:00:00+00:00,99.70999908447266,99.75,99.36000061035156,99.61000061035156,0.0,98.625,98.625,98.59300231933594,98.59500122070312,0,104.18000030517578,104.23999786376953,103.88999938964844,104.1500015258789,90.0
2026-04-28 23:00:00+00:00,99.62000274658203,99.69000244140625,99.3499984741211,99.41999816894531,1069.0,98.60800170898438,98.60800170898438,98.59300231933594,98.59300231933594,0,104.08000183105469,104.16000366210938,103.81999969482422,103.8499984741211,127.0
2026-04-29 00:00:00+00:00,99.43000030517578,99.43000030517578,98.93000030517578,99.30999755859375,3740.0,98.59300231933594,98.61299896240234,98.56500244140625,98.5979995727539,0,103.91999816894531,104.01000213623047,103.63999938964844,103.88999938964844,666.0
2026-04-29 01:00:00+00:00,99.30000305175781,100.73999786376953,99.23999786376953,100.38999938964844,8072.0,98.5979995727539,98.67500305175781,98.59600067138672,98.63400268554688,0,103.87999725341797,105.1500015258789,103.83999633789062,104.83000183105469,2021.0
2026-04-29 02:00:00+00:00,100.37999725341797,100.38999938964844,98.41999816894531,99.30000305175781,7364.0,98.63400268554688,98.66799926757812,98.59500122070312,98.66300201416016,0,104.80999755859375,104.80999755859375,103.2699966430664,104.12000274658203,829.0
2026-04-29 03:00:00+00:00,99.33000183105469,99.47000122070312,98.79000091552734,99.33999633789062,2835.0,98.66300201416016,98.68199920654297,98.63800048828125,98.6719970703125,0,104.12000274658203,104.20999908447266,103.68000030517578,104.06999969482422,452.0
2026-04-29 04:00:00+00:00,99.30000305175781,99.62999725341797,99.20999908447266,99.54000091552734,1281.0,98.67400360107422,98.68399810791016,98.66100311279297,98.677001953125,0,104.0,104.38999938964844,103.98999786376953,104.38999938964844,238.0
2026-04-29 05:00:00+00:00,99.58000183105469,99.86000061035156,99.55999755859375,99.83000183105469,1572.0,98.6760025024414,98.73300170898438,98.67500305175781,98.71900177001953,0,104.4000015258789,104.68000030517578,104.38999938964844,104.68000030517578,340.0
2026-04-29 06:00:00+00:00,99.8499984741211,100.62999725341797,99.5999984741211,100.58999633789062,4824.0,98.71900177001953,98.75399780273438,98.69599914550781,98.72200012207031,0,104.63999938964844,105.51000213623047,104.45999908447266,105.37000274658203,1090.0
2026-04-29 07:00:00+00:00,100.55000305175781,101.93000030517578,100.33999633789062,101.69999694824219,9317.0,98.72200012207031,98.72699737548828,98.66100311279297,98.6780014038086,0,105.33999633789062,106.4800033569336,105.12999725341797,106.08000183105469,2082.0
2026-04-29 08:00:00+00:00,101.70999908447266,103.77999877929688,101.62000274658203,103.5999984741211,16360.0,98.67900085449219,98.75399780273438,98.60800170898438,98.7239990234375,0,106.08000183105469,107.95999908447266,106.02999877929688,107.54000091552734,3746.0
2026-04-29 09:00:00+00:00,103.61000061035156,103.70999908447266,102.8499984741211,103.55999755859375,8688.0,98.7249984741211,98.75800323486328,98.70600128173828,98.75299835205078,0,107.5999984741211,107.77999877929688,107.01000213623047,107.4800033569336,1684.0
2026-04-29 10:00:00+00:00,103.56999969482422,103.81999969482422,103.08999633789062,103.13999938964844,5661.0,98.75199890136719,98.76100158691406,98.67400360107422,98.67500305175781,0,107.54000091552734,107.63999938964844,107.12999725341797,107.18000030517578,1128.0
2026-04-29 11:00:00+00:00,103.12999725341797,103.44999694824219,102.73999786376953,103.4000015258789,8528.0,98.6719970703125,98.72100067138672,98.66400146484375,98.71199798583984,0,107.16000366210938,107.63999938964844,107.0999984741211,107.63999938964844,1242.0
2026-04-29 12:00:00+00:00,103.41999816894531,104.37000274658203,102.9800033569336,103.81999969482422,16256.0,98.71099853515625,98.77400207519531,98.66400146484375,98.7490005493164,0,107.66999816894531,108.6500015258789,107.2699966430664,108.29000091552734,3148.0
2026-04-29 13:00:00+00:00,103.83000183105469,105.25,103.05000305175781,104.95999908447266,34264.0,98.7490005493164,98.8949966430664,98.71600341796875,98.86199951171875,0,108.27999877929688,109.98999786376953,108.01000213623047,109.62999725341797,6078.0
2026-04-29 14:00:00+00:00,104.9800033569336,105.43000030517578,104.38999938964844,105.19000244140625,25111.0,98.86100006103516,98.89800262451172,98.73200225830078,98.75,0,109.63999938964844,109.91999816894531,109.06999969482422,109.66999816894531,4512.0
2026-04-29 15:00:00+00:00,105.18000030517578,107.04000091552734,104.93000030517578,106.77999877929688,38266.0,98.75,98.86199951171875,98.73600006103516,98.80699920654297,0,109.63999938964844,111.26000213623047,109.36000061035156,111.06999969482422,9041.0
2026-04-29 16:00:00+00:00,106.80000305175781,107.2699966430664,106.19000244140625,107.13999938964844,26234.0,98.80699920654297,98.88099670410156,98.77200317382812,98.8759994506836,0,111.05000305175781,111.26000213623047,110.20999908447266,110.9800033569336,6668.0
2026-04-29 17:00:00+00:00,107.13999938964844,107.68000030517578,106.2699966430664,106.5199966430664,30704.0,98.87699890136719,98.91300201416016,98.81800079345703,98.81800079345703,0,110.91000366210938,111.56999969482422,110.02999877929688,110.41999816894531,6906.0
2026-04-29 18:00:00+00:00,106.56999969482422,107.44999694824219,106.47000122070312,106.80000305175781,26147.0,98.81900024414062,99.05000305175781,98.80699920654297,98.96099853515625,0,110.38999938964844,110.95999908447266,110.25,110.47000122070312,4878.0
2026-04-29 19:00:00+00:00,106.81999969482422,108.48999786376953,106.69000244140625,107.77999877929688,11152.0,98.96099853515625,99.0009994506836,98.9000015258789,98.94000244140625,0,110.41999816894531,111.83000183105469,110.37999725341797,111.47000122070312,1351.0
2026-04-29 20:00:00+00:00,107.7699966430664,108.5999984741211,107.52999877929688,108.48999786376953,5486.0,98.93900299072266,98.98200225830078,98.9280014038086,98.9489974975586,0,111.51000213623047,112.13999938964844,111.22000122070312,111.91000366210938,0.0
2026-04-29 22:00:00+00:00,109.06999969482422,109.63999938964844,107.58000183105469,108.41000366210938,0.0,98.9530029296875,98.97699737548828,98.94000244140625,98.9749984741211,0,112.19000244140625,113.16999816894531,110.95999908447266,112.06999969482422,518.0
2026-04-29 23:00:00+00:00,108.4000015258789,108.5,107.83000183105469,107.95999908447266,1554.0,98.85099792480469,98.86100006103516,98.84600067138672,98.85800170898438,0,112.02999877929688,112.05999755859375,111.56999969482422,111.72000122070312,142.0
2026-04-30 00:00:00+00:00,107.98999786376953,108.0999984741211,106.44999694824219,107.41000366210938,7792.0,98.85800170898438,98.9010009765625,98.81099700927734,98.9000015258789,0,111.66999816894531,111.70999908447266,110.26000213623047,111.23999786376953,1590.0
2026-04-30 01:00:00+00:00,107.4000015258789,107.61000061035156,107.0999984741211,107.16999816894531,3420.0,98.9000015258789,98.94000244140625,98.87999725341797,98.91999816894531,0,111.29000091552734,111.41999816894531,110.69999694824219,110.7300033569336,755.0
2026-04-30 02:00:00+00:00,107.19000244140625,109.25,107.18000030517578,108.4000015258789,8141.0,98.9209976196289,99.01899719238281,98.91000366210938,98.98500061035156,0,110.7699966430664,112.66000366210938,110.70999908447266,111.97000122070312,1649.0
2026-04-30 03:00:00+00:00,108.41999816894531,109.58000183105469,108.13999938964844,109.06999969482422,5358.0,98.98400115966797,99.0,98.9540023803711,98.99299621582031,0,112.06999969482422,113.22000122070312,111.7699966430664,112.87999725341797,1438.0
2026-04-30 04:00:00+00:00,109.11000061035156,110.93000030517578,109.06999969482422,109.86000061035156,8273.0,98.99199676513672,99.09300231933594,98.98799896240234,99.05799865722656,0,112.93000030517578,114.66000366210938,112.93000030517578,113.66999816894531,2863.0
2026-04-30 05:00:00+00:00,109.83999633789062,109.86000061035156,108.83999633789062,109.37000274658203,4526.0,99.05799865722656,99.0739974975586,99.01699829101562,99.07099914550781,0,113.61000061035156,113.80999755859375,113.04000091552734,113.52999877929688,740.0
2026-04-30 06:00:00+00:00,109.37000274658203,110.30999755859375,108.26000213623047,108.33999633789062,9400.0,99.0719985961914,99.08899688720703,98.97599792480469,98.98500061035156,0,113.52999877929688,114.22000122070312,112.33000183105469,112.4000015258789,2044.0
2026-04-30 07:00:00+00:00,108.30000305175781,108.62000274658203,107.63999938964844,108.26000213623047,8108.0,98.98500061035156,98.98600006103516,98.83999633789062,98.8759994506836,0,112.31999969482422,112.55000305175781,104.26000213623047,104.55999755859375,2790.0
2026-04-30 08:00:00+00:00,108.26000213623047,108.48999786376953,107.5,107.98999786376953,6615.0,98.875,98.8759994506836,98.7490005493164,98.8219985961914,0,104.3499984741211,104.62000274658203,104.0,104.5199966430664,1580.0
2026-04-30 09:00:00+00:00,107.98999786376953,108.87000274658203,106.38999938964844,106.9000015258789,12565.0,98.82099914550781,98.84600067138672,98.67500305175781,98.69100189208984,0,104.5199966430664,104.95999908447266,102.81999969482422,103.31999969482422,3847.0
2026-04-30 10:00:00+00:00,106.94000244140625,107.30999755859375,106.19999694824219,106.43000030517578,9629.0,98.69000244140625,98.72599792480469,98.3489990234375,98.35800170898438,0,103.33000183105469,103.86000061035156,102.86000061035156,103.2300033569336,2167.0
2026-04-30 11:00:00+00:00,106.44000244140625,106.44999694824219,103.5,104.52999877929688,26992.0,98.35700225830078,98.45800018310547,98.2020034790039,98.35800170898438,0,103.23999786376953,103.25,100.5999984741211,102.18000030517578,3288.0
2026-04-30 12:00:00+00:00,104.52999877929688,105.83000183105469,104.47000122070312,105.29000091552734,18666.0,98.35800170898438,98.5260009765625,98.35600280761719,98.4739990234375,0,102.12999725341797,109.94000244140625,101.93000030517578,109.29000091552734,3835.0
2026-04-30 13:00:00+00:00,105.30000305175781,105.9800033569336,103.8499984741211,105.44999694824219,24475.0,98.4739990234375,98.53299713134766,98.37300109863281,98.48400115966797,0,109.02999877929688,109.91000366210938,108.11000061035156,109.69999694824219,4666.0
2026-04-30 14:00:00+00:00,105.44999694824219,106.45999908447266,104.69000244140625,105.98999786376953,25895.0,98.48400115966797,98.5009994506836,98.11599731445312,98.16400146484375,0,109.69000244140625,110.94000244140625,109.45999908447266,110.62000274658203,5284.0
2026-04-30 15:00:00+00:00,106.0,106.62000274658203,103.55000305175781,104.0999984741211,47691.0,98.16400146484375,98.21299743652344,98.11900329589844,98.16300201416016,0,110.63999938964844,111.11000061035156,109.1500015258789,109.55000305175781,7829.0
2026-04-30 16:00:00+00:00,104.0999984741211,105.16999816894531,104.0199966430664,104.7699966430664,16337.0,98.16500091552734,98.1989974975586,98.10800170898438,98.17400360107422,0,109.5999984741211,110.2699966430664,109.55999755859375,110.08000183105469,2213.0
2026-04-30 17:00:00+00:00,104.7699966430664,104.86000061035156,103.33999633789062,103.66999816894531,23078.0,98.17400360107422,98.19999694824219,98.11100006103516,98.16100311279297,0,109.97000122070312,109.97000122070312,108.62000274658203,108.88999938964844,2599.0
2026-04-30 18:00:00+00:00,103.66999816894531,105.5999984741211,103.43000030517578,105.38999938964844,29564.0,98.16000366210938,98.16100311279297,98.0260009765625,98.05599975585938,0,108.95999908447266,111.06999969482422,108.77999877929688,110.98999786376953,2989.0
2026-04-30 19:00:00+00:00,105.41000366210938,105.44000244140625,104.69999694824219,105.22000122070312,7134.0,98.05599975585938,98.08999633789062,98.00900268554688,98.072998046875,0,110.95999908447266,110.9800033569336,110.4000015258789,110.9800033569336,1489.0
2026-04-30 20:00:00+00:00,105.20999908447266,106.1500015258789,105.0999984741211,105.41000366210938,7361.0,98.07499694824219,98.10800170898438,98.05500030517578,98.0979995727539,0,110.9800033569336,111.83999633789062,110.86000061035156,111.2300033569336,843.0
2026-04-30 22:00:00+00:00,105.13999938964844,105.97000122070312,105.05999755859375,105.69000244140625,0.0,98.08000183105469,98.09100341796875,98.06999969482422,98.09100341796875,0,111.01000213623047,111.6500015258789,110.94999694824219,111.52999877929688,0.0
2026-04-30 23:00:00+00:00,105.69000244140625,105.8499984741211,105.5,105.63999938964844,786.0,98.12799835205078,98.14800262451172,98.12699890136719,98.14399719238281,0,111.51000213623047,111.77999877929688,111.41999816894531,111.41999816894531,142.0
2026-05-01 00:00:00+00:00,105.63999938964844,106.04000091552734,105.37999725341797,105.62999725341797,2802.0,98.14299774169922,98.18399810791016,98.13500213623047,98.15599822998047,0,111.45999908447266,111.81999969482422,111.0999984741211,111.66000366210938,492.0
2026-05-01 01:00:00+00:00,105.62999725341797,106.01000213623047,105.13999938964844,105.31999969482422,2199.0,98.15599822998047,98.18299865722656,98.12200164794922,98.14399719238281,0,111.70999908447266,112.01000213623047,111.2699966430664,111.41000366210938,341.0
2026-05-01 02:00:00+00:00,105.30000305175781,106.37999725341797,105.08000183105469,105.5,3074.0,98.14299774169922,98.16899871826172,98.11599731445312,98.13300323486328,0,111.4000015258789,112.12999725341797,111.19000244140625,111.36000061035156,309.0
2026-05-01 03:00:00+00:00,105.45999908447266,105.73999786376953,105.37999725341797,105.45999908447266,1273.0,98.13200378417969,98.15399932861328,98.09600067138672,98.14900207519531,0,111.33000183105469,111.58000183105469,111.2699966430664,111.37000274658203,224.0
2026-05-01 04:00:00+00:00,105.5199966430664,105.5999984741211,104.9800033569336,104.98999786376953,1638.0,98.14800262451172,98.19499969482422,98.13500213623047,98.18699645996094,0,111.41999816894531,111.47000122070312,110.87999725341797,110.87999725341797,255.0
2026-05-01 05:00:00+00:00,105.0,105.33000183105469,104.98999786376953,105.12000274658203,1401.0,98.18699645996094,98.2300033569336,98.18499755859375,98.2239990234375,0,111.0,111.16000366210938,110.86000061035156,110.9800033569336,356.0
2026-05-01 06:00:00+00:00,105.11000061035156,106.6500015258789,105.11000061035156,105.93000030517578,4455.0,98.2239990234375,98.23999786376953,97.9000015258789,98.0,0,111.02999877929688,112.43000030517578,111.02999877929688,111.86000061035156,886.0
2026-05-01 07:00:00+00:00,105.94000244140625,106.13999938964844,104.12999725341797,105.5199966430664,8743.0,98.0009994506836,98.10800170898438,98.0009994506836,98.08100128173828,0,111.87000274658203,111.9800033569336,103.91000366210938,104.5199966430664,1780.0
2026-05-01 08:00:00+00:00,105.5199966430664,105.73999786376953,104.68000030517578,105.52999877929688,6154.0,98.08200073242188,98.0999984741211,97.97200012207031,98.01599884033203,0,104.48999786376953,104.72000122070312,103.94999694824219,104.56999969482422,1094.0
2026-05-01 09:00:00+00:00,105.54000091552734,106.16999816894531,105.22000122070312,105.41999816894531,4766.0,98.01499938964844,98.11199951171875,98.00499725341797,98.10600280761719,0,104.7300033569336,111.77999877929688,104.66000366210938,111.2699966430664,1174.0
2026-05-01 10:00:00+00:00,105.44000244140625,105.72000122070312,104.95999908447266,105.01000213623047,3961.0,98.1050033569336,98.11000061035156,98.00499725341797,98.0199966430664,0,111.31999969482422,111.66000366210938,111.05999755859375,111.20999908447266,713.0
2026-05-01 11:00:00+00:00,105.0,105.19999694824219,103.94999694824219,104.06999969482422,10499.0,98.01899719238281,98.02100372314453,97.91300201416016,97.96800231933594,0,111.20999908447266,111.37000274658203,110.72000122070312,110.86000061035156,1106.0
2026-05-01 12:00:00+00:00,104.0999984741211,104.41000366210938,102.20999908447266,103.76000213623047,21862.0,97.96700286865234,97.99299621582031,97.82099914550781,97.9229965209961,0,110.91000366210938,111.22000122070312,109.66000366210938,110.69000244140625,3426.0
2026-05-01 13:00:00+00:00,103.77999877929688,103.87000274658203,100.41999816894531,100.8499984741211,30616.0,97.9219970703125,98.0199966430664,97.87200164794922,97.88600158691406,0,110.7300033569336,110.79000091552734,107.69000244140625,108.1500015258789,4393.0
2026-05-01 14:00:00+00:00,100.80999755859375,101.73999786376953,99.30000305175781,101.61000061035156,34303.0,97.88600158691406,97.89099884033203,97.72000122070312,97.86299896240234,0,108.12000274658203,108.5999984741211,106.2699966430664,108.37999725341797,5879.0
2026-05-01 15:00:00+00:00,101.58999633789062,102.4800033569336,100.76000213623047,101.05999755859375,23407.0,97.86299896240234,97.96900177001953,97.83999633789062,97.95099639892578,0,108.48999786376953,109.08999633789062,107.45999908447266,107.66999816894531,4088.0
2026-05-01 16:00:00+00:00,101.08999633789062,102.58999633789062,100.70999908447266,101.83000183105469,24183.0,97.9489974975586,98.08000183105469,97.92900085449219,98.08000183105469,0,107.66000366210938,108.66000366210938,107.12000274658203,108.27999877929688,3689.0
2026-05-01 17:00:00+00:00,101.87999725341797,102.12999725341797,101.2300033569336,101.44000244140625,20183.0,98.08100128173828,98.14600372314453,98.06400299072266,98.11399841308594,0,108.29000091552734,108.33000183105469,107.36000061035156,107.62000274658203,1943.0
2026-05-01 18:00:00+00:00,101.44999694824219,102.70999908447266,101.13999938964844,102.18000030517578,25373.0,98.11499786376953,98.22100067138672,98.10900115966797,98.15599822998047,0,107.56999969482422,108.72000122070312,107.45999908447266,108.56999969482422,2662.0
2026-05-01 19:00:00+00:00,102.19999694824219,102.43000030517578,101.81999969482422,102.18000030517578,4631.0,98.15699768066406,98.23100280761719,98.1510009765625,98.22200012207031,0,108.45999908447266,108.6500015258789,108.19000244140625,108.56999969482422,1176.0
2026-05-01 20:00:00+00:00,102.19000244140625,102.75,102.02999877929688,102.5,4380.0,98.22200012207031,98.24400329589844,98.2020034790039,98.21099853515625,0,108.5999984741211,109.16000366210938,108.16999816894531,108.16999816894531,1044.0
2026-05-03 22:00:00+00:00,100.19000244140625,101.58000183105469,100.02999877929688,101.05999755859375,5552.0,98.052001953125,98.15799713134766,98.04199981689453,98.1050033569336,0,106.62000274658203,107.77999877929688,106.47000122070312,107.45999908447266,617.0
2026-05-03 23:00:00+00:00,101.04000091552734,101.7699966430664,101.0,101.7300033569336,2177.0,98.1050033569336,98.16500091552734,98.1050033569336,98.16200256347656,0,107.44999694824219,108.20999908447266,107.37000274658203,108.19999694824219,388.0
2026-05-04 00:00:00+00:00,101.7300033569336,102.33000183105469,101.05999755859375,101.16000366210938,4519.0,98.16300201416016,98.2020034790039,98.13700103759766,98.1510009765625,0,108.25,108.79000091552734,107.5,107.54000091552734,711.0
2026-05-04 01:00:00+00:00,101.1500015258789,101.98999786376953,101.1500015258789,101.62999725341797,2415.0,98.1510009765625,98.21499633789062,98.12999725341797,98.177001953125,0,107.55999755859375,108.2699966430664,107.5199966430664,108.0199966430664,233.0
2026-05-04 02:00:00+00:00,101.62000274658203,102.0999984741211,101.38999938964844,101.81999969482422,1583.0,98.177001953125,98.20999908447266,98.16000366210938,98.16899871826172,0,108.0,108.55000305175781,107.8499984741211,108.27999877929688,264.0
2026-05-04 03:00:00+00:00,101.83000183105469,102.19999694824219,101.76000213623047,101.88999938964844,1580.0,98.16999816894531,98.19999694824219,97.97000122070312,98.01000213623047,0,108.30999755859375,108.81999969482422,108.29000091552734,108.41999816894531,588.0
2026-05-04 04:00:00+00:00,101.88999938964844,101.93000030517578,101.12000274658203,101.68000030517578,1637.0,98.02100372314453,98.13800048828125,98.01000213623047,98.12699890136719,0,108.44000244140625,108.44000244140625,107.81999969482422,108.1500015258789,329.0
2026-05-04 05:00:00+00:00,101.68000030517578,101.76000213623047,100.12000274658203,100.94999694824219,4339.0,98.1259994506836,98.15499877929688,98.0979995727539,98.11599731445312,0,108.1500015258789,108.19000244140625,106.55000305175781,107.23999786376953,1124.0
2026-05-04 06:00:00+00:00,100.97000122070312,102.77999877929688,100.83000183105469,102.41999816894531,5685.0,98.11599731445312,98.2030029296875,98.0770034790039,98.16000366210938,0,107.31999969482422,108.94000244140625,107.25,108.72000122070312,732.0
2026-05-04 07:00:00+00:00,102.41000366210938,103.44999694824219,102.37999725341797,103.44999694824219,6263.0,98.16000366210938,98.26699829101562,98.16000366210938,98.24400329589844,0,108.63999938964844,110.08999633789062,108.63999938964844,110.08999633789062,1273.0
2026-05-04 08:00:00+00:00,103.44000244140625,104.54000091552734,103.12000274658203,103.26000213623047,7840.0,98.24299621582031,98.29199981689453,98.21600341796875,98.24600219726562,0,110.0999984741211,110.87000274658203,109.4800033569336,109.5999984741211,2410.0
2026-05-04 09:00:00+00:00,103.29000091552734,103.33999633789062,102.61000061035156,103.05999755859375,4093.0,98.24600219726562,98.26899719238281,98.20899963378906,98.26200103759766,0,109.63999938964844,109.9000015258789,109.1500015258789,109.81999969482422,626.0
2026-05-04 10:00:00+00:00,103.05999755859375,107.45999908447266,102.9800033569336,105.66999816894531,32005.0,98.26300048828125,98.48100280761719,98.26300048828125,98.35399627685547,0,109.87999725341797,114.30000305175781,109.7699966430664,112.30999755859375,9575.0
2026-05-04 11:00:00+00:00,105.66999816894531,106.05000305175781,103.88999938964844,104.12999725341797,13162.0,98.35399627685547,98.43499755859375,98.3280029296875,98.43299865722656,0,112.16000366210938,112.72000122070312,111.01000213623047,111.30999755859375,1920.0
2026-05-04 12:00:00+00:00,104.13999938964844,104.19000244140625,102.12000274658203,102.83000183105469,18042.0,98.43299865722656,98.43800354003906,98.29900360107422,98.32599639892578,0,111.37000274658203,111.37000274658203,109.83000183105469,110.48999786376953,3763.0
2026-05-04 13:00:00+00:00,102.81999969482422,104.18000030517578,101.83000183105469,102.02999877929688,14297.0,98.32599639892578,98.37300109863281,98.28700256347656,98.31700134277344,0,110.55999755859375,111.98999786376953,109.7300033569336,110.04000091552734,4900.0
